ord,No,Comisión,Nombre,Apellidos,Grupo parlamentario,Cargo,ENTRADA,SALIDA
1,1,Agricultura y Sistemas de Riego,Jose Antonio ,Rojo Garcia de Alba ,PRI,PRESIDENCIA,,
31,1,Agua Potable y Saneamiento,Kamel,Athle Flores,PRI,PRESIDENCIA,,
61,1,Asuntos Frontera Norte,Jaime,Bonilla Valdez,PT,PRESIDENCIA,,
85,1,Asuntos Frontera Sur-Sureste,Oscar Eduardo,Ramirez Aguilar,PVEM,PRESIDENCIA,,
115,1,Asuntos Indigenas,Eufrosina,Cruz Mendoza,PAN,PRESIDENCIA,,
145,1,Asuntos Migratorios,Amalia Dolores,Garcia Medina,PRD,PRESIDENCIA,,
169,1,Atencion a Grupos Vulnerables,Adriana,Hernandez Iñiguez,PRI,PRESIDENCIA,,
199,1,Cambio Climatico,Ramon Antonio,Sampayo Ortiz,PAN,PRESIDENCIA,,
217,1,Ciencia y Tecnologia,Ruben Benjamin,Felix Hays,PANAL,PRESIDENCIA,,
247,1,Competitividad,Adolfo,Orive Bellinger,PT,PRESIDENCIA,,
277,1,Comunicaciones,Fernando Jorge,Castro Trenti,PRI,PRESIDENCIA,,
307,1,Cultura y Cinematografia,Margarita,Saldaña Hernandez,PAN,PRESIDENCIA,,
337,1,Defensa Nacional,Jorge ,Mendoza Garza,PRI,PRESIDENCIA,,
367,1,Deporte,Felipe de Jesus,Muñoz Kapamas,PRI,PRESIDENCIA,,
397,1,Derechos de la Niñez,Veronica,Juarez Piña,PRD,PRESIDENCIA,,
415,1,Derechos Humanos,Miriam,Cardenas Cantu,PRI,PRESIDENCIA,,
445,1,Desarrollo Metropolitano,Juan Manuel,Focil Perez,PRD,PRESIDENCIA,,
475,1,Desarrollo Rural,Victor,Serralde Martinez,PAN,PRESIDENCIA,,
505,1,Desarrollo Social,Fernando,Charleston Hernandez,PRI,PRESIDENCIA,,
543,9,Distrito Federal,Laura ,Barrera Fortoul,PRI,PRESIDENCIA,,
565,1,Economia,Mario,Sanchez Ruiz,PAN,PRESIDENCIA,,
595,1,Educacion Publica y Servicios Educativos,Jorge Federico,De la Vega Membrillo,PRD,PRESIDENCIA,,
625,1,Energia,Marco Antonio,Bernal Gutierrez,PRI,PRESIDENCIA,,
655,1,Equidad y Genero,Martha Lucia,Micher Camarena,PRD,PRESIDENCIA,,
685,1,Fomento Cooperativo y Economia Social ,Alliet Mariana,Bautista Bravo,PRD,PRESIDENCIA,,
709,1,Fortalecimiento al Federalismo,Jose Arturo,Salinas Garza,PAN,PRESIDENCIA,,
739,1,Funcion Publica,Arely,Madrid Tovilla,PRI,PRESIDENCIA,,
769,1,Ganaderia,Salvador,Barajas Del Toro,PRI,PRESIDENCIA,,
799,1,Gobernacion,Rafael Alejandro,Moreno Cardenas,PRI,PRESIDENCIA,,
829,1,Hacienda y Credito Publico,Jose Isabel,Trejo Reyes,PAN,PRESIDENCIA,,
873,1,Infraestructura,Alberto,Curi Naime,PRI,PRESIDENCIA,,
903,1,Jurisdiccional,Jose,Rangel Espinosa,PRI,PRESIDENCIA,,
915,1,Justicia,Claudia,Delgadilo Gonzalez,PRI,PRESIDENCIA,,
945,1,Juventud,Jose Luis,Oliveros Usabiaga,PAN,PRESIDENCIA,,
975,1,Marina,Jose ,Soto Martinez,MC,PRESIDENCIA,,
999,1,Medio Ambiente y Recursos Naturales,Maria del Rosario de Fatima,Pariente Gavito,PVEM,PRESIDENCIA,,
1029,1,Participacion Ciudadana,,,PRI,PRESIDENCIA,,
1047,1,Pesca,Alfonso,Inzunza Montoya,PRI,PRESIDENCIA,,
1071,1,Poblacion,Javier,Lopez Zavala,PRI,PRESIDENCIA,,
1095,1,Presupuesto y Cuenta Publica,Nuvia Magdalena,Mayorga Delgado,PRI,PRESIDENCIA,,
1139,1,Proteccion Civil,Francisco Alfonso,Durazo Montaño,MC,PRESIDENCIA,,
1169,1,Puntos Constitucionales,Julio Cesar,Moreno Rivera,PRD,PRESIDENCIA,,
1199,1,Radio y Television,Federico Jose,Gonzalez Luna Bueno,PVEM,PRESIDENCIA,,
1229,1,Recursos Hidraulicos,Gerardo,Gaudiano Rovirosa,PRD,PRESIDENCIA,,
1259,1,Reforma Agraria,Gisela,Mota Ocampo,PRD,PRESIDENCIA,,
1289,1,"Regimen, Reglamentos y Practicas Parlamentarias",Marcos,Aguilar Vega,PAN,PRESIDENCIA,,
1309,1,Relaciones Exteriores,Eloy,Cantu Segovia,PRI,PRESIDENCIA,,
1339,1,Salud,Isaias,Cortez Berumen,PAN,PRESIDENCIA,,
1399,1,Seguridad Social,Javier,Salinas Narvaez,PRD,PRESIDENCIA,,
1429,1,Trabajo y Prevision Social,Carlos humberto,Aceves del Olmo,PRI,PRESIDENCIA,,
1459,1,Transportes,Juan Carlos,Muñoz Marquez,PAN,PRESIDENCIA,,
1489,1,Turismo,Rodolfo,Dorador Perez Gavilan,PAN,PRESIDENCIA,,
1519,1,Vigilancia de la Auditoria Superior de la Federacion,Jose Luis,Muñoz Soria,PRD,PRESIDENCIA,,
1549,1,Vivienda,Ricardo Fidel,Pacheco Rodriguez,PRI,PRESIDENCIA,,
2,2,Agricultura y Sistemas de Riego,Juan,Bueno Torio ,PAN,SECRETARIA,,
3,3,Agricultura y Sistemas de Riego,Leslie,Pantoja Hernandez ,PAN,SECRETARIA,,
4,4,Agricultura y Sistemas de Riego,Benjamin ,Castillo Valdez,PRI,SECRETARIA,,
5,5,Agricultura y Sistemas de Riego,Jose Ruben,Escajeda Jimenez ,PRI,SECRETARIA,,
6,6,Agricultura y Sistemas de Riego,Abraham,Montes Alvarado ,PRI,SECRETARIA,,
7,7,Agricultura y Sistemas de Riego,Dario,Zacarias Capuchino ,PRI,SECRETARIA,,
8,8,Agricultura y Sistemas de Riego,Jose Humberto,Vega Vazquez,PT,SECRETARIA,,
9,9,Agricultura y Sistemas de Riego,Jose,Soto Martinez,MC,SECRETARIA,,
10,10,Agricultura y Sistemas de Riego,Hector,Narcia Alvarez,PVEM,SECRETARIA,,
11,11,Agricultura y Sistemas de Riego,Aurora de la Luz,Aguilar Rodriguez,PAN,SECRETARIA,,
12,12,Agricultura y Sistemas de Riego,,,PRD,SECRETARIA,,
13,13,Agricultura y Sistemas de Riego,,,PRD,SECRETARIA,,
32,2,Agua Potable y Saneamiento,Rafael,Acosta Croda,PAN,SECRETARIA,,
33,3,Agua Potable y Saneamiento,Fernando Alejandro,Larrazabal Breton,PAN,SECRETARIA,,
34,4,Agua Potable y Saneamiento,Marco Antonio,Gonzalez Valdez,PRI,SECRETARIA,,
35,5,Agua Potable y Saneamiento,Salvador,Arellano Guzman,PRI,SECRETARIA,,
36,6,Agua Potable y Saneamiento,Roberto,Ruiz Moronatti,PRI,SECRETARIA,,
37,7,Agua Potable y Saneamiento,Judit Magdalena,Guerrero Lopez,PVEM,SECRETARIA,,
38,8,Agua Potable y Saneamiento,Oscar,Bautista Villegas,PRI,SECRETARIA,,
39,9,Agua Potable y Saneamiento,,,PRD,SECRETARIA,,
40,10,Agua Potable y Saneamiento,,,PRD,SECRETARIA,,
62,2,Asuntos Frontera Norte,Juan Manuel,Gastelum Buenrostro,PAN,SECRETARIA,,
63,3,Asuntos Frontera Norte,Lazara Nelly,Gonzalez Aguilar,PAN,SECRETARIA,,
64,4,Asuntos Frontera Norte,Amira Griselda,Gomez Tueme,PRI,SECRETARIA,,
65,5,Asuntos Frontera Norte,Maria Carmen,Lopez Segura,PRI,SECRETARIA,,
66,6,Asuntos Frontera Norte,Maria de Jesus,Huerta Rea,PRI,SECRETARIA,,
67,7,Asuntos Frontera Norte,Luis Alfredo,Murguia Lardizabal,PRI,SECRETARIA,,
68,8,Asuntos Frontera Norte,,,PRD,SECRETARIA,,
86,2,Asuntos Frontera Sur-Sureste,Juan Jesus,Aquino Calvo,PAN,SECRETARIA,,
87,3,Asuntos Frontera Sur-Sureste,Juan Francisco,Caceres de la Fuente,PAN,SECRETARIA,,
88,4,Asuntos Frontera Sur-Sureste,Antonio de Jesus,Diaz Athie,PRI,SECRETARIA,,
89,5,Asuntos Frontera Sur-Sureste,Martin de Jesus,Vasquez Villanueva,PRI,SECRETARIA,,
90,6,Asuntos Frontera Sur-Sureste,Maria del Carmen,Ordaz Martinez,PRI,SECRETARIA,,
91,7,Asuntos Frontera Sur-Sureste,Joaquin,Caballero Rosiñol,PRI,SECRETARIA,,
92,8,Asuntos Frontera Sur-Sureste,Aida Fabiola ,Valencia Ramirez,MC,SECRETARIA,,
93,9,Asuntos Frontera Sur-Sureste,,,PRD,SECRETARIA,,
94,10,Asuntos Frontera Sur-Sureste,,,PRD,SECRETARIA,,
116,2,Asuntos Indigenas,Margarita,Licea Gonzalez,PAN,SECRETARIA,,
117,3,Asuntos Indigenas,Pedro,Gomez Gomez,PRI,SECRETARIA,,
118,4,Asuntos Indigenas,Fernando,Zamora Morales,PRI,SECRETARIA,,
119,5,Asuntos Indigenas,Samuel,Gurrion Matias,PRI,SECRETARIA,,
120,6,Asuntos Indigenas,Luis,Gomez Gomez,PRI,SECRETARIA,,
121,7,Asuntos Indigenas,Josefina,Garcia Hernandez,PRI,SECRETARIA,,
122,8,Asuntos Indigenas,Juan Luis,Martinez Martinez,MC,SECRETARIA,,
123,9,Asuntos Indigenas,Amilcar Augusto,Villafuerte Trujillo,PVEM,SECRETARIA,,
124,10,Asuntos Indigenas,,,PRD,SECRETARIA,,
125,11,Asuntos Indigenas,,,PRD,SECRETARIA,,
146,2,Asuntos Migratorios,Raul,Gomez Ramirez,PAN,SECRETARIA,,
147,3,Asuntos Migratorios,Martha Berenice,Alvarez Tovar,PAN,SECRETARIA,,
148,4,Asuntos Migratorios,Jose Everardo,Nava Gomez,PRI,SECRETARIA,,
149,5,Asuntos Migratorios,Javier Filiberto,Guevara Gonzalez,PRI,SECRETARIA,,
150,6,Asuntos Migratorios,Petra,Barrera Barrera,PRI,SECRETARIA,,
151,7,Asuntos Migratorios,,,PRD,SECRETARIA,,
170,2,Atencion a Grupos Vulnerables,Genaro,Carreño Muro,PAN,SECRETARIA,,
171,3,Atencion a Grupos Vulnerables,Martha Leticia,Sosa Govea,PAN,SECRETARIA,,
172,4,Atencion a Grupos Vulnerables,Elvia Maria,Perez Escalante,PRI,SECRETARIA,,
173,5,Atencion a Grupos Vulnerables,Maria de la Paloma,Villaseñor Vargas,PRI,SECRETARIA,,
174,6,Atencion a Grupos Vulnerables,,,PRD,SECRETARIA,,
200,2,Cambio Climatico,Sergio Augusto,Chan Lugo,PAN,SECRETARIA,,
201,3,Cambio Climatico,Blanca Estela,Gomez Carmona,PRI,SECRETARIA,,
202,4,Cambio Climatico,Rocio Adriana,Abreu Artiñano,PRI,SECRETARIA,,
203,5,Cambio Climatico,Roman Alfredo,Padilla Fierro,PRI,SECRETARIA,,
204,6,Cambio Climatico,Hugo Mauricio,Perez Anzueto,PRI,SECRETARIA,,
205,7,Cambio Climatico,,,PRD,SECRETARIA,,
218,2,Ciencia y Tecnologia,Juan Pablo,Adame Aleman,PAN,SECRETARIA,,
219,3,Ciencia y Tecnologia,Luis Miguel,Ramirez Romero,PAN,SECRETARIA,,
220,4,Ciencia y Tecnologia,Marco Alonso,Vela Reyes,PRI,SECRETARIA,,
221,5,Ciencia y Tecnologia,Irazema Gonzalez,Martinez Olivares,PRI,SECRETARIA,,
222,6,Ciencia y Tecnologia,Monica,Garcia de la Fuente,PVEM,SECRETARIA,,
223,7,Ciencia y Tecnologia,Alejandro,Rangel Segovia,PRI,SECRETARIA,,
224,8,Ciencia y Tecnologia,,,PRD,SECRETARIA,,
225,9,Ciencia y Tecnologia,,,PRD,SECRETARIA,,
248,2,Competitividad,Alberto,Coronado Quintanilla,PAN,SECRETARIA,,
249,3,Competitividad,Jose Angel,Gonzalez Serna,PAN,SECRETARIA,,
250,4,Competitividad,Cecilia,Gonzalez Gomez,PRI,SECRETARIA,,
251,5,Competitividad,Jose Isidro,Moreno Arcega,PRI,SECRETARIA,,
252,6,Competitividad,Alfredo,Anaya Gudiño,PRI,SECRETARIA,,
253,7,Competitividad,Salomon,Juan Marcos Issa,PRI,SECRETARIA,,
254,8,Competitividad,,,PRD,SECRETARIA,,
255,9,Competitividad,,,PRD,SECRETARIA,,
278,2,Comunicaciones,Andres,De la Rosa Anaya,PAN,SECRETARIA,,
279,3,Comunicaciones,Homero Ricardo,Niño de Rivera Vela,PAN,SECRETARIA,,
280,4,Comunicaciones,Jose Noel,Perez de Alba,PRI,SECRETARIA,,
281,5,Comunicaciones,Victor Emanuel,Diaz Palacios,PRI,SECRETARIA,,
282,6,Comunicaciones,Federico Jose,Gonzalez Luna Bueno,PVEM,SECRETARIA,,
283,7,Comunicaciones,,,PRD,SECRETARIA,,
284,8,Comunicaciones,,,PRD,SECRETARIA,,
308,2,Cultura y Cinematografia,Raquel,Jimenez Cerrillo,PAN,SECRETARIA,,
309,3,Cultura y Cinematografia,Irma,Elizondo Ramirez,PRI,SECRETARIA,,
310,4,Cultura y Cinematografia,Eligio Cuithlahuac,Gonzalez Farias,PRI,SECRETARIA,,
311,5,Cultura y Cinematografia,Luis Armando,Cordova Diaz,PRI,SECRETARIA,,
312,6,Cultura y Cinematografia,Aurora Denisse,Ugalde Alegria,PRI,SECRETARIA,,
313,7,Cultura y Cinematografia,Sonia,Rincon Chanona,PANAL,SECRETARIA,,
314,8,Cultura y Cinematografia,Zuleyma,Huidobro Gonzalez,MC,SECRETARIA,,
315,9,Cultura y Cinematografia,Barbara Gabriela,Romo Fonseca,PVEM,SECRETARIA,,
316,10,Cultura y Cinematografia,Victor Oswaldo,Fuentes Solis,PAN,SECRETARIA,,
317,11,Cultura y Cinematografia,,,PRD,SECRETARIA,,
318,12,Cultura y Cinematografia,,,PRD,SECRETARIA,,
338,2,Defensa Nacional,Enrique Aubry,De Castro Palomino,PVEM,SECRETARIA,,
339,3,Defensa Nacional,Adriana,Gonzalez Carrillo,PAN,SECRETARIA,,
340,4,Defensa Nacional,Alicia Concepcion,Ricalde Magaña,PAN,SECRETARIA,,
341,5,Defensa Nacional,Raul,Macias Sandoval,PRI,SECRETARIA,,
342,6,Defensa Nacional,Manuel,Añorve Baños,PRI,SECRETARIA,,
343,7,Defensa Nacional,Fernando Donato,De las Fuentes Hernandez,PRI,SECRETARIA,,
344,8,Defensa Nacional,Ricardo,Monreal Avila,MC,SECRETARIA,,
345,9,Defensa Nacional,Jose Ignacio,Duarte Murillo,PRI,SECRETARIA,,
346,10,Defensa Nacional,Alfredo,Rivadeneyra Hernandez,PAN,SECRETARIA,,
347,11,Defensa Nacional,,,PRD,SECRETARIA,,
348,12,Defensa Nacional,,,PRD,SECRETARIA,,
368,2,Deporte,Fernando Alejandro,Larrazabal Breton,PAN,SECRETARIA,,
369,3,Deporte,Flor de Maria ,Pedraza Aguilera,PAN,SECRETARIA,,
370,4,Deporte,Mayra Karina,Robles Aguirre,PRI,SECRETARIA,,
371,5,Deporte,William Renan,Sosa Altamira,PRI,SECRETARIA,,
372,6,Deporte,Regina,Vazquez Saut,PRI,SECRETARIA,,
373,7,Deporte,Gerardo Francisco,Liceaga Arteaga,PRI,SECRETARIA,,
374,8,Deporte,Gabriela,Medrano Galindo,PVEM,SECRETARIA,,
375,9,Deporte,,,PRD,SECRETARIA,,
376,10,Deporte,,,PRD,SECRETARIA,,
398,2,Derechos de la Niñez,Cinthya Noemi,Valladares Couoh ,PAN,SECRETARIA,,
399,3,Derechos de la Niñez,Guadalupe del Socorro,Ortega Pacheco,PRI,SECRETARIA,,
400,4,Derechos de la Niñez,Marina,Garay Cabada,PRI,SECRETARIA,,
401,5,Derechos de la Niñez,Maria Angelica,Magaña Zepeda,PRI,SECRETARIA,,
402,6,Derechos de la Niñez,Angelina,Carreño Mijares,PRI,SECRETARIA,,
403,7,Derechos de la Niñez,,,PRD,SECRETARIA,,
416,2,Derechos Humanos,Carlos Fernando,Angulo Parra,PAN,SECRETARIA,,
417,3,Derechos Humanos,Veronica,Sada Perez,PAN,SECRETARIA,,
418,4,Derechos Humanos,Maria Esther,Garza Moreno,PRI,SECRETARIA,,
419,5,Derechos Humanos,Rodimiro,Barrera Estrada,PRI,SECRETARIA,,
420,6,Derechos Humanos,Rene Ricardo,Fujiwara Montelongo ,PANAL,SECRETARIA,,
421,7,Derechos Humanos,Loretta,Ortiz Ahlf,PT,SECRETARIA,,
422,8,Derechos Humanos,Jose Francisco,Coronato Rodriguez,MC,SECRETARIA,,
423,9,Derechos Humanos,Martha Edith,Vital Vera,PVEM,SECRETARIA,,
424,10,Derechos Humanos,Gabriel,Gomez Michel,PRI,SECRETARIA,,
425,11,Derechos Humanos,,,PRD,SECRETARIA,,
426,12,Derechos Humanos,,,PRD,SECRETARIA,,
446,2,Desarrollo Metropolitano,J. Jesus,Oviedo Herrera,PAN,SECRETARIA,,
447,3,Desarrollo Metropolitano,Emilse,Miranda Munive,PRI,SECRETARIA,,
448,4,Desarrollo Metropolitano,Celia Isabel,Gauna Ruiz de Leon,PRI,SECRETARIA,,
449,5,Desarrollo Metropolitano,Jose Luis,Cruz Flores Gomez,PRI,SECRETARIA,,
450,6,Desarrollo Metropolitano,Zita Beatriz,Pazzi Maza,PRI,SECRETARIA,,
451,7,Desarrollo Metropolitano,Araceli,Torres Flores,PT,SECRETARIA,,
452,8,Desarrollo Metropolitano,Lourdes Adriana ,Lopez Moreno,PVEM,SECRETARIA,,
453,9,Desarrollo Metropolitano,Benito,Caballero Garza,PRI,SECRETARIA,,
454,10,Desarrollo Metropolitano,,,PRD,SECRETARIA,,
476,2,Desarrollo Rural,Alfredo,Zamora Garcia,PAN,SECRETARIA,,
477,3,Desarrollo Rural,Noe,Barrueta Baron,PRI,SECRETARIA,,
478,4,Desarrollo Rural,Cesario,Padilla Navarro,PRI,SECRETARIA,,
479,5,Desarrollo Rural,Francisco,Gonzalez Vargas,PRI,SECRETARIA,,
480,6,Desarrollo Rural,Salvador,Ortiz Garcia,PRI,SECRETARIA,,
481,7,Desarrollo Rural,Diana Karina,Velazquez Ramirez,PRI,SECRETARIA,,
482,8,Desarrollo Rural,Luis Miguel,Ramirez Romero,PAN,SECRETARIA,,
483,9,Desarrollo Rural,,,PRD,SECRETARIA,,
484,10,Desarrollo Rural,,,PRD,SECRETARIA,,
506,2,Desarrollo Social,Alejandra,Lopez Noriega,PAN,SECRETARIA,,
507,3,Desarrollo Social,Raul,Paz Alonzo,PAN,SECRETARIA,,
508,4,Desarrollo Social,Javier,Lopez Zavala,PRI,SECRETARIA,,
509,5,Desarrollo Social,Gerardo Xavier,Hernandez Tapia,PRI,SECRETARIA,,
510,6,Desarrollo Social,Blanca Maria,Villaseñor Gudiño,PRI,SECRETARIA,,
511,7,Desarrollo Social,Cristina,Olvera Barrios,PANAL,SECRETARIA,,
512,8,Desarrollo Social,Jose Arturo,Lopez Candido,PT,SECRETARIA,,
513,9,Desarrollo Social,Francisca Elena,Corrales Corrales,PRI,SECRETARIA,,
514,10,Desarrollo Social,Mario Alberto,Davila Delgado,PAN,SECRETARIA,,
515,11,Desarrollo Social,,,PRD,SECRETARIA,,
516,12,Desarrollo Social,,,PRD,SECRETARIA,,
535,1,Distrito Federal,Fernando,Rodriguez Doval,PAN,SECRETARIA,,
536,2,Distrito Federal,Jorge Francisco,Sotomayor Chavez,PAN,SECRETARIA,,
537,3,Distrito Federal,Arnoldo,Ochoa Gonzalez,PRI,SECRETARIA,,
538,4,Distrito Federal,Jose,Rangel Espinosa,PRI,SECRETARIA,,
539,5,Distrito Federal,Rene Ricardo,Fujiwara Montelongo,PANAL,SECRETARIA,,
540,6,Distrito Federal,Jose Antonio,Hurtado Gallegos,MC,SECRETARIA,,
541,7,Distrito Federal,,,PRD,SECRETARIA,,
542,8,Distrito Federal,,,PRD,SECRETARIA,,
566,2,Economia,Juan Carlos,Uribe Padilla,PAN,SECRETARIA,,
567,3,Economia,Maricela,Velazquez Sanchez,PRI,SECRETARIA,,
568,4,Economia,Jesus Antonio,Valdes Palazuelos,PRI,SECRETARIA,,
569,5,Economia,Salvador,Romero Valencia,PRI,SECRETARIA,,
570,6,Economia,Amira Griselda ,Gomez Tueme,PRI,SECRETARIA,,
571,7,Economia,Lilia,Aguilar Gil,PT,SECRETARIA,,
572,8,Economia,Ruben ,Acosta Montoya,PVEM,SECRETARIA,,
573,9,Economia,Beatriz Eugenia,Yamamoto Cazares,PAN,SECRETARIA,,
574,10,Economia,,,PRD,SECRETARIA,,
575,11,Economia,,,PRD,SECRETARIA,,
596,2,Educacion Publica y Servicios Educativos,Maria Guadalupe,Mondragon Gonzalez,PAN,SECRETARIA,,
597,3,Educacion Publica y Servicios Educativos,Ernesto Alfonso,Robledo Leal,PAN,SECRETARIA,,
598,4,Educacion Publica y Servicios Educativos,Jose Enrique,Doger Guerrero,PRI,SECRETARIA,,
599,5,Educacion Publica y Servicios Educativos,Roy Argel,Gomez Oiguin,PRI,SECRETARIA,,
600,6,Educacion Publica y Servicios Educativos,Miguel Angel,Aguayo Lopez,PRI,SECRETARIA,,
601,7,Educacion Publica y Servicios Educativos,Dulce Maria,Muñiz Martinez,PRI,SECRETARIA,,
602,8,Educacion Publica y Servicios Educativos,Adriana,Fuentes Tellez,PRI,SECRETARIA,,
603,9,Educacion Publica y Servicios Educativos,Dora Maria Guadalupe,Talamante Lemas,PANAL,SECRETARIA,,
604,10,Educacion Publica y Servicios Educativos,Hector Hugo,Robiero Gordillo,PT,SECRETARIA,,
605,11,Educacion Publica y Servicios Educativos,Nelly del Carmen,Vargas Perez,MC,SECRETARIA,,
606,12,Educacion Publica y Servicios Educativos,,,PRD,SECRETARIA,,
607,13,Educacion Publica y Servicios Educativos,Judit Magdalena,Guerrero Lopez,PVEM,SECRETARIA,,
626,2,Energia,Juan,Bueno Torio,PAN,SECRETARIA,,
627,3,Energia,Homero Ricardo,Niño de Rivera Vela,PAN,SECRETARIA,,
628,4,Energia,Antonio Francisco,Astiazaran Gutierrez,PRI,SECRETARIA,,
629,5,Energia,Luis Ricardo,Aldana Prieto,PRI,SECRETARIA,,
630,6,Energia,Javier,Treviño Cantu,PRI,SECRETARIA,,
631,7,Energia,Fernando Donato,De las Fuentes Hernandez,PRI,SECRETARIA,,
632,8,Energia,Jose Alberto,Benavides Castañeda,PT,SECRETARIA,,
633,9,Energia,Ricardo,Mejia Berdeja,MC,SECRETARIA,,
634,10,Energia,Ricardo,Astudillo Suarez,PVEM,SECRETARIA,,
635,11,Energia,,,PRD,SECRETARIA,,
636,12,Energia,,,PRD,SECRETARIA,,
656,2,Equidad y Genero,Blanca,Jimenez Castillo,PAN,SECRETARIA,,
657,3,Equidad y Genero,Carmen Lucia,Perez Camarena,PAN,SECRETARIA,,
658,4,Equidad y Genero,Rosalba,De la Cruz Requena,PRI,SECRETARIA,,
659,5,Equidad y Genero,Maria Leticia,Mendoza Curiel,PRI,SECRETARIA,,
660,6,Equidad y Genero,Socorro de la Luz,Quintana Leon,PRI,SECRETARIA,,
661,7,Equidad y Genero,Maria del Rocio,Garcia Olmedo,PRI,SECRETARIA,,
662,8,Equidad y Genero,Dora Maria Guadalupe,Talamante Lemas,PANAL,SECRETARIA,,
663,9,Equidad y Genero,Maria Guadalupe,Sanchez Santiago,PRI,SECRETARIA,,
664,10,Equidad y Genero,,,PRD,SECRETARIA,,
686,2,Fomento Cooperativo y Economia Social ,Mariana Dunyaska,Garcia Rojas,PAN,SECRETARIA,,
687,3,Fomento Cooperativo y Economia Social ,Erick Marte,Rivera Villanueva,PAN,SECRETARIA,,
688,4,Fomento Cooperativo y Economia Social ,Lisandro Aristides,Campos Cordova,PRI,SECRETARIA,,
689,5,Fomento Cooperativo y Economia Social ,Luis,Olvera Correa,PRI,SECRETARIA,,
690,6,Fomento Cooperativo y Economia Social ,Gaudencio,Hernandez Burgos,PRI,SECRETARIA,,
691,7,Fomento Cooperativo y Economia Social ,Silvia,Marquez Velasco,PRI,SECRETARIA,,
692,8,Fomento Cooperativo y Economia Social ,Brasil Alberto,Acosta Peña,PRI,SECRETARIA,,
693,9,Fomento Cooperativo y Economia Social ,,,PRD,SECRETARIA,,
710,2,Fortalecimiento al Federalismo,Maria Teresa,Jimenez Esquivel,PAN,SECRETARIA,,
711,3,Fortalecimiento al Federalismo,Benito,Caballero Garza,PRI,SECRETARIA,,
712,4,Fortalecimiento al Federalismo,Ossiel Omar ,Niaves Lopez,PRI,SECRETARIA,,
713,5,Fortalecimiento al Federalismo,Jose Luis,Flores Mendez,PRI,SECRETARIA,,
714,6,Fortalecimiento al Federalismo,,,PRD,SECRETARIA,,
740,2,Funcion Publica,Enrique Alejandro,Flores Flores,PAN,SECRETARIA,,
741,3,Funcion Publica,Rocio Esmeralda,Reza Gallegos,PAN,SECRETARIA,,
742,4,Funcion Publica,Lizbeth Loy,Gamboa Song,PRI,SECRETARIA,,
743,5,Funcion Publica,Flor Ayala,Robles Linares,PRI,SECRETARIA,,
744,6,Funcion Publica,Maria del Rocio,Garcia Olmedo,PRI,SECRETARIA,,
745,7,Funcion Publica,Juan Manuel,Diez Francos,PRI,SECRETARIA,,
746,8,Funcion Publica,Laura Ximena,Martel Cantu,PVEM,SECRETARIA,,
747,9,Funcion Publica,,,PRD,SECRETARIA,,
748,10,Funcion Publica,,,PRD,SECRETARIA,,
770,2,Ganaderia,Gabriel de Jesus,Cardenas Guizar,PAN,SECRETARIA,,
771,3,Ganaderia,Leonor,Romero Sevilla,PAN,SECRETARIA,,
772,4,Ganaderia,Dario,Badillo Ramirez,PRI,SECRETARIA,,
773,5,Ganaderia,Julio,Flemate Ramirez,PRI,SECRETARIA,,
774,6,Ganaderia,Genaro,Ruiz Arriaga,PRI,SECRETARIA,,
775,7,Ganaderia,Ponciano,Vazquez Parissi,PRI,SECRETARIA,,
776,8,Ganaderia,Raudel,Lopez Lopez,PAN,SECRETARIA,,
777,9,Ganaderia,,,PRD,SECRETARIA,,
778,10,Ganaderia,,,PRD,SECRETARIA,,
800,2,Gobernacion,Jose Alfredo,Botello Montes,PAN,SECRETARIA,,
801,3,Gobernacion,Marcelo de Jesus,Torres Cofiño,PAN,SECRETARIA,,
802,4,Gobernacion,Abel Octavio,Salgado Peña,PRI,SECRETARIA,,
803,5,Gobernacion,Williams Oswaldo,Ochoa Gallegos,PRI,SECRETARIA,,
804,6,Gobernacion,Manuel Rafael,Huerta Ladron de Guevara,PT,SECRETARIA,,
805,7,Gobernacion,Francisco Alfonso,Durazo Montaño,MC,SECRETARIA,,
806,8,Gobernacion,Monica,Garcia de la Fuente,PVEM,SECRETARIA,,
807,9,Gobernacion,Esther,Quintana Salinas,PAN,SECRETARIA,,
808,10,Gobernacion,,,PRD,SECRETARIA,,
809,11,Gobernacion,,,PRD,SECRETARIA,,
830,2,Hacienda y Credito Publico,Humberto,Alonso Morelli,PAN,SECRETARIA,,
831,3,Hacienda y Credito Publico,Carlos Alberto,Garcia Gonzalez,PAN,SECRETARIA,,
832,4,Hacienda y Credito Publico,Ricardo,Villareal Garcia,PAN,SECRETARIA,,
833,5,Hacienda y Credito Publico,Sergio,Torres Felix,PRI,SECRETARIA,,
834,6,Hacienda y Credito Publico,Elsa Patricia ,Araujo de la Torre,PRI,SECRETARIA,,
835,7,Hacienda y Credito Publico,Jose Sergio,Manzur Quiroga,PRI,SECRETARIA,,
836,8,Hacienda y Credito Publico,Jorge,Herrera Delgado,PRI,SECRETARIA,,
837,9,Hacienda y Credito Publico,Salomon Juan,Marcos Issa,PRI,SECRETARIA,,
838,10,Hacienda y Credito Publico,Paulina Alejandra,Del Moral Vela,PRI,SECRETARIA,,
839,11,Hacienda y Credito Publico,Maria Sanjuana,Cerda Franco,PANAL,SECRETARIA,,
840,12,Hacienda y Credito Publico,Ricardo,Cantu Garza,PT,SECRETARIA,,
841,13,Hacienda y Credito Publico,Juan Ignacio,Samperio Montaño,MC,SECRETARIA,,
842,14,Hacienda y Credito Publico,Tomas,Torres Mercado,PVEM,SECRETARIA,,
843,15,Hacienda y Credito Publico,Lourdes Eulalia,Quiñones Canales,PRI,SECRETARIA,,
844,16,Hacienda y Credito Publico,,,PRD,SECRETARIA,,
845,17,Hacienda y Credito Publico,,,PRD,SECRETARIA,,
846,18,Hacienda y Credito Publico,,,PRD,SECRETARIA,,
874,2,Infraestructura,Nabor,Ochoa Lopez,PVEM,SECRETARIA,,
875,3,Infraestructura,Genaro,Carreño Muro,PAN,SECRETARIA,,
876,4,Infraestructura,Jose Enrique,Reina Lizarraga,PAN,SECRETARIA,,
877,5,Infraestructura,Hector Humberto,Gutierrez de la Garza,PRI,SECRETARIA,,
878,6,Infraestructura,Mauricio,Sahui Rivero,PRI,SECRETARIA,,
879,7,Infraestructura,Carlos,Sanchez Romero,PRI,SECRETARIA,,
880,8,Infraestructura,Victor Hugo,Velasco Orozco,PRI,SECRETARIA,,
881,9,Infraestructura,Rosa Elia,Romero Guzman,PT,SECRETARIA,,
882,10,Infraestructura,,,PRD,SECRETARIA,,
883,11,Infraestructura,,,PRD,SECRETARIA,,
904,2,Jurisdiccional,Ruben ,Camarillo Ortega,PAN,SECRETARIA,,
905,3,Jurisdiccional,Hector Humberto,Gutierrez de la Garza,PRI,SECRETARIA,,
906,4,Jurisdiccional,Manuel,Añorve Baños,PRI,SECRETARIA,,
907,5,Jurisdiccional,,,PRD,SECRETARIA,,
916,2,Justicia,Karina,Labastida Sotelo,PAN,SECRETARIA,,
917,3,Justicia,Esther,Quintana Salinas,PAN,SECRETARIA,,
918,4,Justicia,Delvim Fabiola,Barcenas Nieves,PRI,SECRETARIA,,
919,5,Justicia,Maria del Rocio,Corona Nakamura,PRI,SECRETARIA,,
920,6,Justicia,Ricardo Fidel,Pacheco Rodriguez,PRI,SECRETARIA,,
921,7,Justicia,Zuleyma,Huidobro Gonzalez,MC,SECRETARIA,,
922,8,Justicia,Antonio,Cuellar Steffan,PVEM,SECRETARIA,,
923,9,Justicia,,,PRD,SECRETARIA,,
924,10,Justicia,,,PRD,SECRETARIA,,
946,2,Juventud,Humberto Armando,Prieto Herrera,PAN,SECRETARIA,,
947,3,Juventud,Sue Ellen,Bernal Bolnik,PRI,SECRETARIA,,
948,4,Juventud,Maria Guadalupe,Velazquez Diaz,PRI,SECRETARIA,,
949,5,Juventud,Laura Guadalupe,Vargas Vargas,PRI,SECRETARIA,,
950,6,Juventud,Tania Margarita,Morgan Navarrete,PAN,SECRETARIA,,
951,7,Juventud,,,PRD,SECRETARIA,,
976,2,Marina,Carlos Humberto,Castaños Valenzuela,PAN,SECRETARIA,,
977,3,Marina,German,Pacheco Diaz ,PAN,SECRETARIA,,
978,4,Marina,Raul Santos,Galvan Villanueva,PRI,SECRETARIA,,
979,5,Marina,,,PRD,SECRETARIA,,
980,6,Marina,,,PRD,SECRETARIA,,
1000,2,Medio Ambiente y Recursos Naturales,Maria Isabel,Ortiz Mantilla,PAN,SECRETARIA,,
1001,3,Medio Ambiente y Recursos Naturales,Gerardo,Peña Aviles,PAN,SECRETARIA,,
1002,4,Medio Ambiente y Recursos Naturales,Maria Concepcion,Navarrete Vital,PRI,SECRETARIA,,
1003,5,Medio Ambiente y Recursos Naturales,Jose Pilar,Moreno Montoya,PRI,SECRETARIA,,
1004,6,Medio Ambiente y Recursos Naturales,Erika Yolanda,Funes Velazquez,PRI,SECRETARIA,,
1005,7,Medio Ambiente y Recursos Naturales,Minerva,Castillo Rodriguez,PRI,SECRETARIA,,
1006,8,Medio Ambiente y Recursos Naturales,Cristina,Olvera Barrios,PANAL,SECRETARIA,,
1007,9,Medio Ambiente y Recursos Naturales,,,PRD,SECRETARIA,,
1008,10,Medio Ambiente y Recursos Naturales,,,PRD,SECRETARIA,,
1030,2,Participacion Ciudadana,Felipe de Jesus,Almaguer Torres,PAN,SECRETARIA,,
1031,3,Participacion Ciudadana,Brenda Maria,Alvarado Sanchez,PRI,SECRETARIA,,
1032,4,Participacion Ciudadana,Leticia,Calderon Ramirez,PRI,SECRETARIA,,
1033,5,Participacion Ciudadana,Maria Fernanda,Schroeder Verdugo,PRI,SECRETARIA,,
1034,6,Participacion Ciudadana,Maria Elena,Cano Ayala,PRI,SECRETARIA,,
1035,7,Participacion Ciudadana,Alberto,Diaz Trujillo,PAN,SECRETARIA,,
1036,8,Participacion Ciudadana,,,PRD,SECRETARIA,,
1048,2,Pesca,Arturo,De la Rosa Escalante,PAN,SECRETARIA,,
1049,3,Pesca,Maria Celia,Urciel Castañeda,PAN,SECRETARIA,,
1050,4,Pesca,Landy Margarita,Berzunza Novelo,PRI,SECRETARIA,,
1051,5,Pesca,Gilberto Antonio,Hirata Chico,PRI,SECRETARIA,,
1052,6,Pesca,Leopoldo,Sanchez Cruz,PRI,SECRETARIA,,
1053,7,Pesca,,,PRD,SECRETARIA,,
1054,8,Pesca,,,PRD,SECRETARIA,,
1072,2,Poblacion,Leticia,Lopez Landero,PAN,SECRETARIA,,
1073,3,Poblacion,Marcelina,Orta Coronado,PAN,SECRETARIA,,
1074,4,Poblacion,Cristina,Gonzalez Cruz,PRI,SECRETARIA,,
1075,5,Poblacion,Veronica,carreon Cervantes,PRI,SECRETARIA,,
1076,6,Poblacion,Juan Manuel,Carbajal Hernandez,PRI,SECRETARIA,,
1077,7,Poblacion,,,PRD,SECRETARIA,,
1096,2,Presupuesto y Cuenta Publica,Nestor Octavio,Gordillo Castillo,PAN,SECRETARIA,,
1097,3,Presupuesto y Cuenta Publica,Martin Alonso,Heredia Lizarraga,PAN,SECRETARIA,,
1098,4,Presupuesto y Cuenta Publica,Diego Sinhue,Rodriguez Vallejo,PAN,SECRETARIA,,
1099,5,Presupuesto y Cuenta Publica,Damian,Zepeda Vidales,PAN,SECRETARIA,,
1100,6,Presupuesto y Cuenta Publica,Lucia,Garfias Gutierrez,PANAL,SECRETARIA,,
1101,7,Presupuesto y Cuenta Publica,Pedro Pablo,Treviño Villarreal,PRI,SECRETARIA,,
1102,8,Presupuesto y Cuenta Publica,Jose Luis,Marquez Martinez,PRI,SECRETARIA,,
1103,9,Presupuesto y Cuenta Publica,Fernando Donato,De las Fuentes Hernandez,PRI,SECRETARIA,,
1104,10,Presupuesto y Cuenta Publica,Marco Antonio,Bernal Gutierrez,PRI,SECRETARIA,,
1105,11,Presupuesto y Cuenta Publica,Norma,Ponce Orozco,PRI,SECRETARIA,,
1106,12,Presupuesto y Cuenta Publica,Jose,Rangel Espinosa,PRI,SECRETARIA,,
1107,13,Presupuesto y Cuenta Publica,Alberto,Anaya Gutierrez,PT,SECRETARIA,,
1108,14,Presupuesto y Cuenta Publica,Victor Manuel,Jorrin Lozano,MC,SECRETARIA,,
1109,15,Presupuesto y Cuenta Publica,Oscar Eduardo,Ramirez Aguilar,PVEM,SECRETARIA,,
1110,16,Presupuesto y Cuenta Publica,,,PRD,SECRETARIA,,
1111,17,Presupuesto y Cuenta Publica,,,PRD,SECRETARIA,,
1112,18,Presupuesto y Cuenta Publica,,,PRD,SECRETARIA,,
1140,2,Proteccion Civil,David Cuauhtemoc,Galindo Delgado,PAN,SECRETARIA,,
1141,3,Proteccion Civil,Raudel,Lopez Lopez,PAN,SECRETARIA,,
1142,4,Proteccion Civil,Esther Angelica,Martinez Cardenas,PRI,SECRETARIA,,
1143,5,Proteccion Civil,Cesar Reynaldo,Navarro de Alva,PRI,SECRETARIA,,
1144,6,Proteccion Civil,,,PRD,SECRETARIA,,
1145,7,Proteccion Civil,,,PRD,SECRETARIA,,
1170,2,Puntos Constitucionales,Marcos,Aguilar Vega,PAN,SECRETARIA,,
1171,3,Puntos Constitucionales,Fernando,Rodriguez Doval,PAN,SECRETARIA,,
1172,4,Puntos Constitucionales,Pedro Ignacio,Dominguez Zepeda,PRI,SECRETARIA,,
1173,5,Puntos Constitucionales,Hector,Garcia Garcia,PRI,SECRETARIA,,
1174,6,Puntos Constitucionales,Raymundo,King de la Rosa,PRI,SECRETARIA,,
1175,7,Puntos Constitucionales,Luis Antonio,Gonzalez Roldan,PANAL,SECRETARIA,,
1176,8,Puntos Constitucionales,Ricardo,Mejia Berdeja,MC,SECRETARIA,,
1177,9,Puntos Constitucionales,Roth,Zavaleta Salgado,PVEM,SECRETARIA,,
1178,10,Puntos Constitucionales,Paulina Alejandra,Del Moral Vela,PRI,SECRETARIA,,
1179,11,Puntos Constitucionales,,,PRD,SECRETARIA,,
1200,2,Radio y Television,Lugo,Barriga Patricia,PAN,SECRETARIA,,
1201,3,Radio y Television,Maria Beatriz,Zavala Peniche,PAN,SECRETARIA,,
1202,4,Radio y Television,Simon,Valenci Buzali,PRI,SECRETARIA,,
1203,5,Radio y Television,Jaime Chris,Lopez Alvarado,PRI,SECRETARIA,,
1204,6,Radio y Television,Adolfo,Bonilla Gomez,PRI,SECRETARIA,,
1205,7,Radio y Television,Hector Humberto,Gutierrez de la Garza,PRI,SECRETARIA,,
1206,8,Radio y Television,Ana Lilia ,Garza Cadena,PVEM,SECRETARIA,,
1207,9,Radio y Television,Luisa Maria,Alcalde Lujan,MC,SECRETARIA,,
1208,10,Radio y Television,Gerardo Maximiliano,Cortazar Lara,PAN,SECRETARIA,,
1209,11,Radio y Television,,,PRD,SECRETARIA,,
1210,12,Radio y Television,,,PRD,SECRETARIA,,
1230,2,Recursos Hidraulicos,Maximo,Othon Zayas,PAN,SECRETARIA,,
1231,3,Recursos Hidraulicos,J.Jesus,Oviedo Herrera,PAN,SECRETARIA,,
1232,4,Recursos Hidraulicos,Faustino Francisco,Felix Chavez,PRI,SECRETARIA,,
1233,5,Recursos Hidraulicos,Marco Antonio,Calzada Arroyo,PRI,SECRETARIA,,
1234,6,Recursos Hidraulicos,Enrique Aubry,De Castro Palomino,PVEM,SECRETARIA,,
1235,7,Recursos Hidraulicos,Enrique,Cardenas del Avellano,PRI,SECRETARIA,,
1236,8,Recursos Hidraulicos,Jorge,Teran Juarez,PRI,SECRETARIA,,
1237,9,Recursos Hidraulicos,,,PRD,SECRETARIA,,
1260,2,Reforma Agraria,Omar Antonio,Borboa Becerra,PAN,SECRETARIA,,
1261,3,Reforma Agraria,Jose Guadalupe,Garcia Ramirez,PAN,SECRETARIA,,
1262,4,Reforma Agraria,Arely,Madrid Tovilla,PRI,SECRETARIA,,
1263,5,Reforma Agraria,Jesus,Morales Flores,PRI,SECRETARIA,,
1264,6,Reforma Agraria,Juan Manuel,Rocha Piedra,PRI,SECRETARIA,,
1265,7,Reforma Agraria,Maricruz,Cruz Morales,PRI,SECRETARIA,,
1266,8,Reforma Agraria,,,PRD,SECRETARIA,,
1267,9,Reforma Agraria,,,PRD,SECRETARIA,,
1290,2,"Regimen, Reglamentos y Practicas Parlamentarias",Alberto,Diaz Trujillo,PAN,SECRETARIA,,
1291,3,"Regimen, Reglamentos y Practicas Parlamentarias",Eligio Cuitlahuac,Gonzalez Farias,PRI,SECRETARIA,,
1292,4,"Regimen, Reglamentos y Practicas Parlamentarias",Williams Oswaldo,Ochoa Gallegos,PRI,SECRETARIA,,
1293,5,"Regimen, Reglamentos y Practicas Parlamentarias",,,PRD,SECRETARIA,,
1310,2,Relaciones Exteriores,Adriana,Gonzalez Carrillo,PAN,SECRETARIA,,
1311,3,Relaciones Exteriores,Glafiro,Salinas Mendiola,PAN,SECRETARIA,,
1312,4,Relaciones Exteriores,Heriberto Manuel,Galindo Quiñones,PRI,SECRETARIA,,
1313,5,Relaciones Exteriores,Maria del Carmen,Garcia de la Cadena Romero,PRI,SECRETARIA,,
1314,6,Relaciones Exteriores,Cristina,Ruiz Sandoval,PRI,SECRETARIA,,
1315,7,Relaciones Exteriores,Loretta,Ortiz Ahlf,PT,SECRETARIA,,
1316,8,Relaciones Exteriores,Martha Beatriz,Cordova Bernal,MC,SECRETARIA,,
1317,9,Relaciones Exteriores,Rosa Elba,Perez Hernandez,PVEM,SECRETARIA,,
1318,10,Relaciones Exteriores,,,PRD,SECRETARIA,,
1319,11,Relaciones Exteriores,,,PRD,SECRETARIA,,
1340,2,Salud,Mario Alberto,Davila Delgado,PAN,SECRETARIA,,
1341,3,Salud,Leobardo,Alcala Padilla,PRI,SECRETARIA,,
1342,4,Salud,Maria de las Nieves,Garcia Fernandez,PRI,SECRETARIA,,
1343,5,Salud,Alma Maina,Vitela Rodriguez,PRI,SECRETARIA,,
1344,6,Salud,Francisco Javier,Fernandez Clamont,PRI,SECRETARIA,,
1345,7,Salud,Rosalba,Gualito Castañeda,PRI,SECRETARIA,,
1346,8,Salud,Carla Alicia,Padilla Ramos,PVEM,SECRETARIA,,
1347,9,Salud,,,PRD,SECRETARIA,,
1348,10,Salud,,,PRD,SECRETARIA,,
1400,2,Seguridad Social,Victor Rafael,Gonzalez Manriquez,PAN,SECRETARIA,,
1401,3,Seguridad Social,Maria Concepcion,Ramirez Diez Gutierrez,PAN,SECRETARIA,,
1402,4,Seguridad Social,Patricio,Flores Sandoval,PRI,SECRETARIA,,
1403,5,Seguridad Social,Maria Elia,Cabañas Aparicio,PRI,SECRETARIA,,
1404,6,Seguridad Social,Alma Jeanny,Arroyo Ruiz,PRI,SECRETARIA,,
1405,7,Seguridad Social,Sonia Catalina,Mercado Gallegos,PRI,SECRETARIA,,
1406,8,Seguridad Social,Frine Soraya,Cordoba Moran,PRI,SECRETARIA,,
1407,9,Seguridad Social,Maria Sanjuana,Cerda Franco,PANAL,SECRETARIA,,
1408,10,Seguridad Social,,,PRD,SECRETARIA,,
1430,2,Trabajo y Prevision Social,Rafael Alejandro,Micalco Mendez,PAN,SECRETARIA,,
1431,3,Trabajo y Prevision Social,Fernando,Salgado Delgado,PRI,SECRETARIA,,
1432,4,Trabajo y Prevision Social,Francisco,Grajales Palacios,PRI,SECRETARIA,,
1433,5,Trabajo y Prevision Social,Noe,Hernandez Gonzalez,PRI,SECRETARIA,,
1434,6,Trabajo y Prevision Social,Jorge,Del Angel Acosta,PRI,SECRETARIA,,
1435,7,Trabajo y Prevision Social,Jose Angelino,Caamal Mena,PANAL,SECRETARIA,,
1436,8,Trabajo y Prevision Social,Luisa Maria,Alcalde Lujan,MC,SECRETARIA,,
1437,9,Trabajo y Prevision Social,,,PRD,SECRETARIA,,
1438,10,Trabajo y Prevision Social,,,PRD,SECRETARIA,,
1460,2,Transportes,Jorge,Rosiñol Abreu,PAN,SECRETARIA,,
1461,3,Transportes,Fernando Alfredo,Maldonado Hernandez,PRI,SECRETARIA,,
1462,4,Transportes,Maria Rebeca,Teran Guevara,PRI,SECRETARIA,,
1463,5,Transportes,Francisco Alberto,Zepeda Gonzalez,PRI,SECRETARIA,,
1464,6,Transportes,Jesus Tolentino,Roman Bojorquez,PRI,SECRETARIA,,
1465,7,Transportes,Nabor,Ochoa Lopez,PVEM,SECRETARIA,,
1466,8,Transportes,Miguel,Samano Peralta,PVEM,SECRETARIA,,
1467,9,Transportes,Arturo,Escobar y Vega,PVEM,SECRETARIA,,
1468,10,Transportes,,,PRD,SECRETARIA,,
1469,11,Transportes,,,PRD,SECRETARIA,,
1490,2,Turismo,Elizabeth,Vargas Martin del Campo,PAN,SECRETARIA,,
1491,3,Turismo,Rafael,Gonzalez Resendiz,PRI,SECRETARIA,,
1492,4,Turismo,Harvey,Gutierrez Alvarez,PRI,SECRETARIA,,
1493,5,Turismo,Eduardo Roman,Quian Alcocer,PRI,SECRETARIA,,
1494,6,Turismo,Gloria Elizabeth,Nuñez Sanchez,PRI,SECRETARIA,,
1495,7,Turismo,Jose Luis,Valle Magaña,MC,SECRETARIA,,
1496,8,Turismo,Gabriela,Medrano Galindo,PVEM,SECRETARIA,,
1497,9,Turismo,Juan Manuel,Gastelum Buenrostro,PAN,SECRETARIA,,
1498,10,Turismo,,,PRD,SECRETARIA,,
1499,11,Turismo,,,PRD,SECRETARIA,,
1520,2,Vigilancia de la Auditoria Superior de la Federacion,Julio Cesar,Lorenzini Ragel,PAN,SECRETARIA,,
1521,3,Vigilancia de la Auditoria Superior de la Federacion,Elizabeth Oswelia,Yañez Robles,PAN,SECRETARIA,,
1522,4,Vigilancia de la Auditoria Superior de la Federacion,Patricia Elena,Retamoza Vega,PRI,SECRETARIA,,
1523,5,Vigilancia de la Auditoria Superior de la Federacion,Manuel,Añorve Baños,PRI,SECRETARIA,,
1524,6,Vigilancia de la Auditoria Superior de la Federacion,Lourdes Eulalia,Quiñones Canales,PRI,SECRETARIA,,
1525,7,Vigilancia de la Auditoria Superior de la Federacion,Lucila,Garfias Gutierrez,PANAL,SECRETARIA,,
1526,8,Vigilancia de la Auditoria Superior de la Federacion,Ricardo,Monreal Avila,MC,SECRETARIA,,
1527,9,Vigilancia de la Auditoria Superior de la Federacion,Carlos Octavio,Castellanos Mijares,PVEM,SECRETARIA,,
1528,10,Vigilancia de la Auditoria Superior de la Federacion,Kamel,Athie Flores,PRI,SECRETARIA,,
1529,11,Vigilancia de la Auditoria Superior de la Federacion,,,PRD,SECRETARIA,,
1550,2,Vivienda,Victor Oswaldo,Fuentes Solis,PAN,SECRETARIA,,
1551,3,Vivienda,Jose Alejandro,Llanas Alba,PAN,SECRETARIA,,
1552,4,Vivienda,Mima Esmeralda,Hernandez Morales,PRI,SECRETARIA,,
1553,5,Vivienda,Marco Antonio,Barba Mariscal,PRI,SECRETARIA,,
1554,6,Vivienda,Tomas,Lopez Landero,PRI,SECRETARIA,,
1555,7,Vivienda,Abel,Guerra Garza,PRI,SECRETARIA,,
1556,8,Vivienda,Maria del Carmen,Martinez Santillan,PT,SECRETARIA,,
1557,9,Vivienda,David,Perez Tejada Padilla,PVEM,SECRETARIA,,
1558,10,Vivienda,,,PRD,SECRETARIA,,
1559,11,Vivienda,,,PRD,SECRETARIA,,
82,22,Asuntos Frontera Norte,,,,,,
83,23,Asuntos Frontera Norte,,,,,,
84,24,Asuntos Frontera Norte,,,,,,
108,24,Asuntos Frontera Sur-Sureste,,,,,,
109,25,Asuntos Frontera Sur-Sureste,,,,,,
110,26,Asuntos Frontera Sur-Sureste,,,,,,
111,27,Asuntos Frontera Sur-Sureste,,,,,,
112,28,Asuntos Frontera Sur-Sureste,,,,,,
113,29,Asuntos Frontera Sur-Sureste,,,,,,
114,30,Asuntos Frontera Sur-Sureste,,,,,,
144,30,Asuntos Indigenas,,,,,,
165,21,Asuntos Migratorios,,,,,,
166,22,Asuntos Migratorios,,,,,,
167,23,Asuntos Migratorios,,,,,,
168,24,Asuntos Migratorios,,,,,,
190,22,Atencion a Grupos Vulnerables,,,PRD,,,
191,23,Atencion a Grupos Vulnerables,,,PRD,,,
192,24,Atencion a Grupos Vulnerables,,,PRD,,,
193,25,Atencion a Grupos Vulnerables,,,PRD,,,
194,26,Atencion a Grupos Vulnerables,,,,,,
195,27,Atencion a Grupos Vulnerables,,,,,,
196,28,Atencion a Grupos Vulnerables,,,,,,
197,29,Atencion a Grupos Vulnerables,,,,,,
198,30,Atencion a Grupos Vulnerables,,,,,,
213,15,Cambio Climatico,,,,,,
214,16,Cambio Climatico,,,,,,
215,17,Cambio Climatico,,,,,,
216,18,Cambio Climatico,,,,,,
244,28,Ciencia y Tecnologia,,,,,,
245,29,Ciencia y Tecnologia,,,,,,
246,30,Ciencia y Tecnologia,,,,,,
275,29,Competitividad,,,,,,
276,30,Competitividad,,,,,,
393,27,Deporte,,,,,,
394,28,Deporte,,,,,,
395,29,Deporte,,,,,,
396,30,Deporte,,,,,,
413,17,Derechos de la Niñez,,,,,,
414,18,Derechos de la Niñez,,,,,,
442,28,Derechos Humanos,,,,,,
443,29,Derechos Humanos,,,,,,
444,30,Derechos Humanos,,,,,,
474,30,Desarrollo Metropolitano,,,,,,
560,26,Distrito Federal,,,,,,
561,27,Distrito Federal,,,,,,
562,28,Distrito Federal,,,,,,
563,29,Distrito Federal,,,,,,
564,30,Distrito Federal,,,,,,
682,28,Equidad y Genero,,,,,,
683,29,Equidad y Genero,,,,,,
684,30,Equidad y Genero,,,,,,
706,22,Fomento Cooperativo y Economia Social ,,,,,,
707,23,Fomento Cooperativo y Economia Social ,,,,,,
708,24,Fomento Cooperativo y Economia Social ,,,,,,
733,25,Fortalecimiento al Federalismo,,,,,,
734,26,Fortalecimiento al Federalismo,,,,,,
735,27,Fortalecimiento al Federalismo,,,,,,
736,28,Fortalecimiento al Federalismo,,,,,,
737,29,Fortalecimiento al Federalismo,,,,,,
738,30,Fortalecimiento al Federalismo,,,,,,
767,29,Funcion Publica,,,,,,
768,30,Funcion Publica,,,,,,
794,26,Ganaderia,,,,,,
795,27,Ganaderia,,,,,,
796,28,Ganaderia,,,,,,
797,29,Ganaderia,,,,,,
798,30,Ganaderia,,,,,,
914,12,Jurisdiccional,,,,,,
972,28,Juventud,,,,,,
973,29,Juventud,,,,,,
974,30,Juventud,,,,,,
992,18,Marina,,,,,,
993,19,Marina,,,,,,
994,20,Marina,,,,,,
995,21,Marina,,,,,,
996,22,Marina,,,,,,
997,23,Marina,,,,,,
998,24,Marina,,,,,,
1028,30,Medio Ambiente y Recursos Naturales,,,,,,
1046,18,Participacion Ciudadana,,,,,,
1067,21,Pesca,,,,,,
1068,22,Pesca,,,,,,
1069,23,Pesca,,,,,,
1070,24,Pesca,,,,,,
1093,23,Poblacion,,,,,,
1094,24,Poblacion,,,,,,
1161,23,Proteccion Civil,,,,,,
1162,24,Proteccion Civil,,,,,,
1163,25,Proteccion Civil,,,,,,
1164,26,Proteccion Civil,,,,,,
1165,27,Proteccion Civil,,,,,,
1166,28,Proteccion Civil,,,,,,
1167,29,Proteccion Civil,,,,,,
1168,30,Proteccion Civil,,,,,,
1257,29,Recursos Hidraulicos,,,,,,
1258,30,Recursos Hidraulicos,,,,,,
1286,28,Reforma Agraria,,,,,,
1287,29,Reforma Agraria,,,,,,
1288,30,Reforma Agraria,,,,,,
1305,17,"Regimen, Reglamentos y Practicas Parlamentarias",,,,,,
1306,18,"Regimen, Reglamentos y Practicas Parlamentarias",,,,,,
1307,19,"Regimen, Reglamentos y Practicas Parlamentarias",,,,,,
1308,20,"Regimen, Reglamentos y Practicas Parlamentarias",,,,,,
1369,1,Seguridad Publica,Jose Guillermo,Anaya Llamas,PAN,,,
1370,2,Seguridad Publica,Ernesto Alfonso,Robledo Leal,PAN,,,
1371,3,Seguridad Publica,Jose Alejandro,Montano Guzman,PRI,,,
1372,4,Seguridad Publica,Ana Isabel,Allende Cano,PRI,,,
1373,5,Seguridad Publica,Sergio Armando,Chavez Davalos,PRI,,,
1374,6,Seguridad Publica,Hector Humberto,Gutierrez de la Garza,PRI,,,
1375,7,Seguridad Publica,Felipe Arturo,Camarena Garcia,PVEM,,,
1376,8,Seguridad Publica,Consuelo,Arguelles Loya,PAN,,,
1377,9,Seguridad Publica,,,PRD,,,
1378,10,Seguridad Publica,,,PRD,,,
1379,11,Seguridad Publica,Rafael Alejandro,Micalco Mendez,PAN,,,
1380,12,Seguridad Publica,Rocio Esmeralda,Reza Gallegos,PAN,,,
1381,13,Seguridad Publica,Maria Guadalupe,Sanchez Santiago,PRI,,,
1382,14,Seguridad Publica,Raul,Macias Sandoval,PRI,,,
1383,15,Seguridad Publica,Francisco,Gonzalez Vargas,PRI,,,
1384,16,Seguridad Publica,Maria Elena,Cano Ayala,PRI,,,
1385,17,Seguridad Publica,Pedro Ignacio,Dominguez Zepeda,PRI,,,
1386,18,Seguridad Publica,Sergio,Torres Felix,PRI,,,
1387,19,Seguridad Publica,Enrique,Cardenas del Avellano,PRI,,,
1388,20,Seguridad Publica,Regina,Vazquez Saut,PRI,,,
1389,21,Seguridad Publica,Sonia,Rincon Chacona,PANAL,,,
1390,22,Seguridad Publica,Jose Francisco,Coronato Rodriguez,MC,,,
1391,23,Seguridad Publica,Carlos Octavio,Castellanos Mijares,PVEM,,,
1392,24,Seguridad Publica,Elizabeth Oswelia,Yañez Robles,PAN,,,
1393,25,Seguridad Publica,Victor,Serralde Martinez,PAN,,,
1394,26,Seguridad Publica,,,PRD,,,
1395,27,Seguridad Publica,,,PRD,,,
1396,28,Seguridad Publica,,,PRD,,,
1397,29,Seguridad Publica,,,PRD,,,
1398,30,Seguridad Publica,,,,,,
